Velocity,AOA,Inaccuracy,d2Yl,y_TE,a_TE,CL,CD
64,-4,-1,0,0,-5,-0.225703731,0.014371338
64,-2,-1,0,0,-5,0.089748866,0.013473903
64,0,-1,0,0,-5,0.398773889,0.013154158
64,2,-1,0,0,-5,0.708580655,0.013902767
64,4,-1,0,0,-5,1.023384884,0.015148184
64,6,-1,0,0,-5,1.303065029,0.017585656
64,8,-1,0,0,-5,1.57265167,0.021870859
64,10,-1,0,0,-5,1.7782883,0.028525009
64,12,-1,0,0,-5,1.991110084,0.035970159
64,14,-1,0,0,-5,2.094438126,0.048481633
55,-4,-1,0,0,-5,-0.226636672,0.014682056
55,-2,-1,0,0,-5,0.086839238,0.01376769
55,0,-1,0,0,-5,0.393323383,0.013443132
55,2,-1,0,0,-5,0.700912116,0.014227619
55,4,-1,0,0,-5,1.015111107,0.015527369
55,6,-1,0,0,-5,1.28949407,0.018115276
55,8,-1,0,0,-5,1.551609388,0.022605204
55,10,-1,0,0,-5,1.746537302,0.029734911
55,12,-1,0,0,-5,1.950463312,0.037753554
55,14,-1,0,0,-5,2.040107132,0.051496061
64,-4,-1,0,0,-15,-0.00427254,0.014228227
64,-2,-1,0,0,-15,0.312259678,0.013361906
64,0,-1,0,0,-15,0.62671113,0.013244633
64,2,-1,0,0,-15,0.918923097,0.014599353
64,4,-1,0,0,-15,1.221579201,0.016481167
64,6,-1,0,0,-15,1.515899058,0.019547353
64,8,-1,0,0,-15,1.760932087,0.023296073
64,10,-1,0,0,-15,1.980457362,0.02863119
64,12,-1,0,0,-15,2.138597074,0.03826501
64,14,-1,0,0,-15,2.323857911,0.049076192
55,-4,-1,0,0,-15,-0.013201433,0.014564399
55,-2,-1,0,0,-15,0.301360397,0.013673774
55,0,-1,0,0,-15,0.614197514,0.013559741
55,2,-1,0,0,-15,0.902675654,0.014934534
55,4,-1,0,0,-15,1.20235941,0.016879184
55,6,-1,0,0,-15,1.489164362,0.02014677
55,8,-1,0,0,-15,1.72611748,0.024018508
55,10,-1,0,0,-15,1.942396529,0.029654838
55,12,-1,0,0,-15,2.098741232,0.039733356
55,14,-1,0,0,-15,2.274870142,0.051686662
64,-4,-1,0,0.05,-10,-0.63846229,0.015756182
64,-2,-1,0,0.05,-10,-0.398138134,0.013393786
64,0,-1,0,0.05,-10,-0.150861696,0.011851799
64,2,-1,0,0.05,-10,0.127794607,0.013011282
64,4,-1,0,0.05,-10,0.34797125,0.011210156
64,6,-1,0,0.05,-10,0.596213566,0.012198087
64,8,-1,0,0.05,-10,0.837193274,0.013448891
55,-4,-1,0,0.05,-10,-0.636754384,0.016260523
55,-2,-1,0,0.05,-10,-0.400506799,0.013769041
55,0,-1,0,0.05,-10,-0.155377324,0.012179763
55,2,-1,0,0.05,-10,0.090423996,0.011164044
55,4,-1,0,0.05,-10,0.340217752,0.011516974
55,6,-1,0,0.05,-10,0.587344301,0.012482776
55,8,-1,0,0.05,-10,0.825668136,0.013746325
64,-4,-1,0,0.05,-15,-0.546061376,0.015631317
64,-2,-1,0,0.05,-15,-0.313921009,0.012861803
64,0,-1,0,0.05,-15,-0.064375957,0.011569618
64,2,-1,0,0.05,-15,0.189011689,0.011310193
64,4,-1,0,0.05,-15,0.457050374,0.011194104
64,6,-1,0,0.05,-15,0.693565919,0.012643626
64,8,-1,0,0.05,-15,0.932676018,0.014552033
55,-4,-1,0,0.05,-15,-0.545661362,0.016189086
55,-2,-1,0,0.05,-15,-0.319555152,0.013285579
55,0,-1,0,0.05,-15,-0.072316196,0.011932488
55,2,-1,0,0.05,-15,0.179789499,0.011647093
55,4,-1,0,0.05,-15,0.449135214,0.011518034
55,6,-1,0,0.05,-15,0.68256053,0.012946877
55,8,-1,0,0.05,-15,0.919819434,0.01487263
64,-4,-1,0,-0.05,-15,0.54176702,0.011676115
64,-2,-1,0,-0.05,-15,0.789508794,0.012656402
64,0,-1,0,-0.05,-15,1.022021532,0.014264954
64,2,-1,0,-0.05,-15,1.241936627,0.016872713
64,4,-1,0,-0.05,-15,1.420850118,0.019041811
64,6,-1,0,-0.05,-15,1.620426156,0.024880684
64,8,-1,0,-0.05,-15,1.723481731,0.032251095
55,-4,-1,0,-0.05,-15,0.533398691,0.011997975
55,-2,-1,0,-0.05,-15,0.777431039,0.013161979
55,0,-1,0,-0.05,-15,1.009542705,0.01472123
55,2,-1,0,-0.05,-15,1.225569996,0.017408997
55,4,-1,0,-0.05,-15,1.399083903,0.019698067
55,6,-1,0,-0.05,-15,1.596381554,0.025808372
55,8,-1,0,-0.05,-15,1.691573188,0.033680464
64,-4,-1,0.1,0,0,-0.228458907,0.012443378
64,-2,-1,0.1,0,0,-0.008966028,0.011200003
64,0,-1,0.1,0,0,0.24200804,0.010916137
64,2,-1,0.1,0,0,0.485775375,0.011498022
64,4,-1,0.1,0,0,0.753407504,0.012424224
64,6,-1,0.1,0,0,0.958137035,0.014859778
64,8,-1,0.1,0,0,1.191914038,0.01808976
55,-4,-1,0.1,0,0,-0.226853195,0.012705682
55,-2,-1,0.1,0,0,-0.007711409,0.011472657
55,0,-1,0.1,0,0,0.242347554,0.011211888
55,2,-1,0.1,0,0,0.48501333,0.011818659
55,4,-1,0.1,0,0,0.749455552,0.012765507
55,6,-1,0.1,0,0,0.952004489,0.015291293
55,8,-1,0.1,0,0,1.181692941,0.018671135
64,-4,-1,-0.1,0,0,-0.302334349,0.012449521
64,-2,-1,-0.1,0,0,-0.054966987,0.011506685
64,0,-1,-0.1,0,0,0.192859996,0.010928648
64,2,-1,-0.1,0,0,0.437049808,0.011589997
64,4,-1,-0.1,0,0,0.689377488,0.012468512
64,6,-1,-0.1,0,0,0.920717293,0.014766272
64,8,-1,-0.1,0,0,1.135142037,0.017715297
55,-4,-1,-0.1,0,0,-0.299113775,0.012713824
55,-2,-1,-0.1,0,0,-0.053471607,0.011773524
55,0,-1,-0.1,0,0,0.192688476,0.011221758
55,2,-1,-0.1,0,0,0.435527112,0.011907849
55,4,-1,-0.1,0,0,0.68632724,0.012809661
55,6,-1,-0.1,0,0,0.914625906,0.015171908
55,8,-1,-0.1,0,0,1.123558767,0.018285828
64,-4,-1,0.1,0,5,-0.34305869,0.012304767
64,-2,-1,0.1,0,5,-0.097826924,0.011097833
64,0,-1,0.1,0,5,0.154393657,0.010686541
64,2,-1,0.1,0,5,0.407773649,0.011266701
64,4,-1,0.1,0,5,0.651146775,0.012192035
64,6,-1,0.1,0,5,0.890503013,0.013845427
64,8,-1,0.1,0,5,1.111653799,0.017793649
55,-4,-1,0.1,0,5,-0.337854093,0.012548825
55,-2,-1,0.1,0,5,-0.094358245,0.011362528
55,0,-1,0.1,0,5,0.15698847,0.010977301
55,2,-1,0.1,0,5,0.409405547,0.011597363
55,4,-1,0.1,0,5,0.650478693,0.012553241
55,6,-1,0.1,0,5,0.886684963,0.014265839
55,8,-1,0.1,0,5,1.101349412,0.018446016
64,-4,-1,-0.1,0,5,-0.396154231,0.012839097
64,-2,-1,-0.1,0,5,-0.145377059,0.011389576
64,0,-1,-0.1,0,5,0.104169728,0.010830663
64,2,-1,-0.1,0,5,0.34957921,0.011206646
64,4,-1,-0.1,0,5,0.597334454,0.012407692
64,6,-1,-0.1,0,5,0.827237637,0.014007325
64,8,-1,-0.1,0,5,1.050038631,0.01788342
55,-4,-1,-0.1,0,5,-0.390511616,0.013101702
55,-2,-1,-0.1,0,5,-0.140494676,0.011660719
55,0,-1,-0.1,0,5,0.10728237,0.011119926
55,2,-1,-0.1,0,5,0.351973865,0.011541139
55,4,-1,-0.1,0,5,0.596957425,0.01277656
55,6,-1,-0.1,0,5,0.822049553,0.014461692
55,8,-1,-0.1,0,5,1.038318653,0.018544841
64,-4,-1,-0.1,0,-5,-0.197851744,0.012166085
64,-2,-1,-0.1,0,-5,0.051364838,0.01132497
64,0,-1,-0.1,0,-5,0.295103785,0.011309377
64,2,-1,-0.1,0,-5,0.547328907,0.011968633
64,4,-1,-0.1,0,-5,0.784758898,0.012805391
64,6,-1,-0.1,0,-5,1.025656458,0.015084118
64,8,-1,-0.1,0,-5,1.209986623,0.019051536
55,-4,-1,-0.1,0,-5,-0.199052778,0.012462886
55,-2,-1,-0.1,0,-5,0.048845477,0.011613477
55,0,-1,-0.1,0,-5,0.298144186,0.011474348
55,2,-1,-0.1,0,-5,0.541193265,0.012290601
55,4,-1,-0.1,0,-5,0.777286092,0.013155272
55,6,-1,-0.1,0,-5,1.016955219,0.015506477
55,8,-1,-0.1,0,-5,1.192590284,0.019626574
64,-4,-1,0.1,0,-10,-0.066374758,0.011767488
64,-2,-1,0.1,0,-10,0.189098123,0.010984887
64,0,-1,0.1,0,-10,0.4361971,0.011097547
64,2,-1,0.1,0,-10,0.6883663,0.011985634
64,4,-1,0.1,0,-10,0.922635171,0.013421634
64,6,-1,0.1,0,-10,1.152528864,0.016002871
64,8,-1,0.1,0,-10,1.358271623,0.018888178
55,-4,-1,0.1,0,-10,-0.070295327,0.012047551
55,-2,-1,0.1,0,-10,0.183999205,0.011263352
55,0,-1,0.1,0,-10,0.429488631,0.011400542
55,2,-1,0.1,0,-10,0.68060256,0.012298795
55,4,-1,0.1,0,-10,0.912731912,0.013764924
55,6,-1,0.1,0,-10,1.136492979,0.016491155
55,8,-1,0.1,0,-10,1.339587163,0.019459173
64,-4,-1,-0.1,0,-10,-0.119841445,0.012119061
64,-2,-1,-0.1,0,-10,0.136066055,0.011068096
64,0,-1,-0.1,0,-10,0.385678867,0.011258067
64,2,-1,-0.1,0,-10,0.625953735,0.012074456
64,4,-1,-0.1,0,-10,0.872598703,0.013432717
64,6,-1,-0.1,0,-10,1.101726633,0.015712373
64,8,-1,-0.1,0,-10,1.282841286,0.019287183
55,-4,-1,-0.1,0,-10,-0.124048069,0.012420058
55,-2,-1,-0.1,0,-10,0.130039266,0.011355364
55,0,-1,-0.1,0,-10,0.378433964,0.011568175
55,2,-1,-0.1,0,-10,0.616891002,0.012397967
55,4,-1,-0.1,0,-10,0.862961463,0.013785745
55,6,-1,-0.1,0,-10,1.085713975,0.016127445
55,8,-1,-0.1,0,-10,1.263959206,0.019896559
61,-4,-1,0.1,0,-15,0.016732749,0.012059169
61,-2,-1,0.1,0,-15,0.273342806,0.011309951
61,0,-1,0.1,0,-15,0.514959233,0.011200695
61,2,-1,0.1,0,-15,0.768149523,0.012324261
61,4,-1,0.1,0,-15,1.019874448,0.014097775
61,6,-1,0.1,0,-15,1.233146126,0.016280367
61,8,-1,0.1,0,-15,1.436602268,0.020123546
56,-4,-1,0.1,0,-15,0.013549062,0.012239416
56,-2,-1,0.1,0,-15,0.269323159,0.01147457
56,0,-1,0.1,0,-15,0.509353048,0.011377285
56,2,-1,0.1,0,-15,0.762025279,0.012512226
56,4,-1,0.1,0,-15,1.013080347,0.014302276
56,6,-1,0.1,0,-15,1.221970284,0.01654114
56,8,-1,0.1,0,-15,1.424203102,0.020440219
61,-4,-1,-0.1,0,-15,-0.066423885,0.012150192
61,-2,-1,-0.1,0,-15,0.185997563,0.011758256
61,0,-1,-0.1,0,-15,0.4291162,0.011277274
61,2,-1,-0.1,0,-15,0.671915929,0.012287236
61,4,-1,-0.1,0,-15,0.887652387,0.013425807
61,6,-1,-0.1,0,-15,1.131698323,0.01645074
61,8,-1,-0.1,0,-15,1.319996437,0.019142307
56,-4,-1,-0.1,0,-15,-0.070243296,0.01232956
56,-2,-1,-0.1,0,-15,0.18175324,0.011926036
56,0,-1,-0.1,0,-15,0.423658201,0.011464716
56,2,-1,-0.1,0,-15,0.665972218,0.012472872
56,4,-1,-0.1,0,-15,0.877295164,0.01365909
56,6,-1,-0.1,0,-15,1.121237407,0.016709668
56,8,-1,-0.1,0,-15,1.307535177,0.019477731
61,-4,-1,0.1,0.05,0,-0.780825472,0.01589453
61,-2,-1,0.1,0.05,0,-0.553592659,0.014070411
61,0,-1,0.1,0.05,0,-0.308707719,0.011816477
61,2,-1,0.1,0.05,0,-0.060667339,0.010954175
61,4,-1,0.1,0.05,0,0.191990791,0.011036197
61,6,-1,0.1,0.05,0,0.44345915,0.011569639
61,8,-1,0.1,0.05,0,0.698523806,0.013136486
56,-4,-1,0.1,0.05,0,-0.777984452,0.016110332
56,-2,-1,0.1,0.05,0,-0.552560878,0.014245323
56,0,-1,0.1,0.05,0,-0.308345665,0.01197528
56,2,-1,0.1,0.05,0,-0.061124112,0.011108272
56,4,-1,0.1,0.05,0,0.190877089,0.011201615
56,6,-1,0.1,0.05,0,0.441459924,0.011731779
56,8,-1,0.1,0.05,0,0.696116655,0.01332914
61,-4,-1,0.1,-0.05,0,0.291573329,0.011535839
61,-2,-1,0.1,-0.05,0,0.535025479,0.012486378
61,0,-1,0.1,-0.05,0,0.769552658,0.013011786
61,2,-1,0.1,-0.05,0,0.997210534,0.015176271
61,4,-1,0.1,-0.05,0,1.18999843,0.018540378
61,6,-1,0.1,-0.05,0,1.361452419,0.024090469
61,8,-1,0.1,-0.05,0,1.476414839,0.030040035
56,-4,-1,0.1,-0.05,0,0.292463666,0.011713543
56,-2,-1,0.1,-0.05,0,0.534915101,0.012695031
56,0,-1,0.1,-0.05,0,0.767494018,0.013265843
56,2,-1,0.1,-0.05,0,0.993553767,0.015478368
56,4,-1,0.1,-0.05,0,1.181717146,0.018928578
56,6,-1,0.1,-0.05,0,1.348389837,0.02471823
56,8,-1,0.1,-0.05,0,1.463794474,0.030660401
61,-4,-1,-0.1,0.05,0,-0.816335517,0.016568138
61,-2,-1,-0.1,0.05,0,-0.588461066,0.013629094
61,0,-1,-0.1,0.05,0,-0.349190797,0.011868902
61,2,-1,-0.1,0.05,0,-0.103251086,0.011085881
61,4,-1,-0.1,0.05,0,0.143553512,0.011035157
61,6,-1,-0.1,0.05,0,0.393132116,0.011578008
61,8,-1,-0.1,0.05,0,0.632498316,0.01285277
56,-4,-1,-0.1,0.05,0,-0.811837314,0.016825707
56,-2,-1,-0.1,0.05,0,-0.586375087,0.013817034
56,0,-1,-0.1,0.05,0,-0.349059841,0.012034833
56,2,-1,-0.1,0.05,0,-0.103509632,0.011250118
56,4,-1,-0.1,0.05,0,0.142388455,0.011207994
56,6,-1,-0.1,0.05,0,0.390753005,0.01174266
56,8,-1,-0.1,0.05,0,0.628566476,0.013040824
61,-4,-1,-0.1,-0.05,0,0.240208126,0.011653473
61,-2,-1,-0.1,-0.05,0,0.484358866,0.012081636
61,0,-1,-0.1,-0.05,0,0.720674477,0.012831988
61,2,-1,-0.1,-0.05,0,0.945021491,0.014912898
61,4,-1,-0.1,-0.05,0,1.129148395,0.018248821
61,6,-1,-0.1,-0.05,0,1.271814038,0.024315807
61,8,-1,-0.1,-0.05,0,1.419015631,0.031009524
56,-4,-1,-0.1,-0.05,0,0.241546154,0.011823216
56,-2,-1,-0.1,-0.05,0,0.48392948,0.012311608
56,0,-1,-0.1,-0.05,0,0.718566605,0.013098664
56,2,-1,-0.1,-0.05,0,0.940792772,0.015197174
56,4,-1,-0.1,-0.05,0,1.11975393,0.018672522
56,6,-1,-0.1,-0.05,0,1.259066936,0.024899553
56,8,-1,-0.1,-0.05,0,1.405193806,0.031699821
61,-4,-1,0.1,0.05,5,-0.861636498,0.017892449
61,-2,-1,0.1,0.05,5,-0.642733074,0.013957933
61,0,-1,0.1,0.05,5,-0.404093547,0.011958621
61,2,-1,0.1,0.05,5,-0.153964743,0.011068645
61,4,-1,0.1,0.05,5,0.102888591,0.010789313
61,6,-1,0.1,0.05,5,0.35629476,0.011482931
61,8,-1,0.1,0.05,5,0.600214323,0.012540286
61,-4,-1,0.1,0.05,-5,-0.694163654,0.015995337
61,-2,-1,0.1,0.05,-5,-0.465803368,0.013704637
61,0,-1,0.1,0.05,-5,-0.220023932,0.011697405
61,2,-1,0.1,0.05,-5,0.031741713,0.010966414
61,4,-1,0.1,0.05,-5,0.291305755,0.010848991
61,6,-1,0.1,0.05,-5,0.540257661,0.012020539
61,8,-1,0.1,0.05,-5,0.779725184,0.013530725
56,-4,-1,0.1,0.05,-5,-0.692257482,0.016240486
56,-2,-1,0.1,0.05,-5,-0.465740561,0.013896966
56,0,-1,0.1,0.05,-5,-0.221441111,0.011861648
56,2,-1,0.1,0.05,-5,0.02984221,0.011129017
56,4,-1,0.1,0.05,-5,0.288836012,0.011016692
56,6,-1,0.1,0.05,-5,0.537056346,0.012179566
56,8,-1,0.1,0.05,-5,0.775251015,0.013704501
61,-3,-1,0.1,-0.05,-5,0.509189994,0.011600328
61,-1,-1,0.1,-0.05,-5,0.758931704,0.012793796
61,1,-1,0.1,-0.05,-5,1.009634747,0.014120219
61,3,-1,0.1,-0.05,-5,1.193642468,0.017284005
61,5,-1,0.1,-0.05,-5,1.389752122,0.021259612
61,7,-1,0.1,-0.05,-5,1.524393918,0.027894883
61,9,-1,0.1,-0.05,-5,1.609738985,0.037735728
56,-3,-1,0.1,-0.05,-5,0.507958074,0.011789193
56,-1,-1,0.1,-0.05,-5,0.755717904,0.01302445
56,1,-1,0.1,-0.05,-5,1.005600585,0.01437701
56,3,-1,0.1,-0.05,-5,1.185060234,0.017630903
56,5,-1,0.1,-0.05,-5,1.377374283,0.021793142
56,7,-1,0.1,-0.05,-5,1.510202109,0.028590438
56,9,-1,0.1,-0.05,-5,1.59464833,0.038691276
61,-4,-1,-0.1,0.05,5,-0.909348789,0.016408301
61,-2,-1,-0.1,0.05,5,-0.673611125,0.014415314
61,0,-1,-0.1,0.05,5,-0.442765615,0.012469169
61,2,-1,-0.1,0.05,5,-0.19102912,0.011266254
61,4,-1,-0.1,0.05,5,0.055439594,0.010965039
61,6,-1,-0.1,0.05,5,0.303246381,0.011568112
61,8,-1,-0.1,0.05,5,0.546238533,0.012893849
56,-3,-1,-0.1,0.05,5,-0.783902098,0.0163157
56,-1,-1,-0.1,0.05,5,-0.546209118,0.01336686
56,1,-1,-0.1,0.05,5,-0.316375233,0.011825559
56,3,-1,-0.1,0.05,5,-0.068562822,0.011142979
56,5,-1,-0.1,0.05,5,0.181380171,0.011285867
56,7,-1,-0.1,0.05,5,0.422770914,0.012147695
56,9,-1,-0.1,0.05,5,0.666644781,0.013777888
62,-4,-1,-0.1,0.05,-5,-0.910449591,0.016364193
62,-2,-1,-0.1,0.05,-5,-0.674262419,0.014381902
62,0,-1,-0.1,0.05,-5,-0.443172632,0.012437332
62,2,-1,-0.1,0.05,-5,-0.191334693,0.011237341
62,4,-1,-0.1,0.05,-5,0.055323592,0.010932431
62,6,-1,-0.1,0.05,-5,0.303303273,0.01153552
62,8,-1,-0.1,0.05,-5,0.546506388,0.012858841
57,-3,-1,-0.1,0.05,-5,-0.784793744,0.016271682
57,-1,-1,-0.1,0.05,-5,-0.546891948,0.013332066
57,1,-1,-0.1,0.05,-5,-0.316779563,0.011793483
57,3,-1,-0.1,0.05,-5,-0.068760475,0.011108654
57,5,-1,-0.1,0.05,-5,0.181252801,0.011250922
57,7,-1,-0.1,0.05,-5,0.422708185,0.012116795
57,9,-1,-0.1,0.05,-5,0.666960691,0.013733662
60,-4,-1,0.1,0.05,-10,-0.618886694,0.015798916
60,-2,-1,0.1,0.05,-10,-0.379817085,0.012699144
60,0,-1,0.1,0.05,-10,-0.12922964,0.011700796
60,2,-1,0.1,0.05,-10,0.125837801,0.010980284
60,4,-1,0.1,0.05,-10,0.379285314,0.011204222
60,6,-1,0.1,0.05,-10,0.631673233,0.01200105
60,8,-1,0.1,0.05,-10,0.860589499,0.013594644
60,-3,-1,0.1,-0.05,-10,0.59551803,0.01196681
60,-1,-1,0.1,-0.05,-10,0.841477789,0.012910471
60,1,-1,0.1,-0.05,-10,1.081103088,0.014821793
60,3,-1,0.1,-0.05,-10,1.281195393,0.017659267
60,5,-1,0.1,-0.05,-10,1.44812156,0.021530281
60,7,-1,0.1,-0.05,-10,1.592171123,0.028464923
60,9,-1,0.1,-0.05,-10,1.671298183,0.03865477
55,-4,-1,-0.1,0.05,-10,-0.648179287,0.015569527
55,-2,-1,-0.1,0.05,-10,-0.425496278,0.013437687
55,0,-1,-0.1,0.05,-10,-0.179826807,0.012052877
55,2,-1,-0.1,0.05,-10,0.070337664,0.011264787
55,4,-1,-0.1,0.05,-10,0.320609168,0.011455397
55,6,-1,-0.1,0.05,-10,0.559380697,0.012651634
55,8,-1,-0.1,0.05,-10,0.803591846,0.014000415
55,-4,-1,-0.1,-0.05,-10,0.414665676,0.012064164
55,-2,-1,-0.1,-0.05,-10,0.671397473,0.012446588
55,0,-1,-0.1,-0.05,-10,0.903184837,0.014308343
55,2,-1,-0.1,-0.05,-10,1.112269692,0.016409326
55,4,-1,-0.1,-0.05,-10,1.313564395,0.019590897
55,6,-1,-0.1,-0.05,-10,1.464256546,0.024814326
55,8,-1,-0.1,-0.05,-10,1.607833678,0.031006501
65,-3,-1,0.1,0.05,-15,-0.417207838,0.014185968
65,-1,-1,0.1,0.05,-15,-0.167257888,0.012061184
65,0,-1,0.1,0.05,-15,-0.039515233,0.01124956
65,1,-1,0.1,0.05,-15,0.092943926,0.011249144
65,3,-1,0.1,0.05,-15,0.339068113,0.011249678
65,5,-1,0.1,0.05,-15,0.589166064,0.012098254
65,7,-1,0.1,0.05,-15,0.835649946,0.013437362
65,-3,-1,0.1,-0.05,-15,0.698696978,0.012115191
65,-1,-1,0.1,-0.05,-15,0.940046311,0.013267329
65,0,-1,0.1,-0.05,-15,1.058352259,0.01435433
65,1,-1,0.1,-0.05,-15,1.160765243,0.015140133
65,3,-1,0.1,-0.05,-15,1.381609225,0.018508289
65,5,-1,0.1,-0.05,-15,1.561915001,0.023075228
65,7,-1,0.1,-0.05,-15,1.68491367,0.029315812
65,-3,-1,-0.1,0.05,-15,-0.45732034,0.014252074
65,-1,-1,-0.1,0.05,-15,-0.212157393,0.012264746
65,0,-1,-0.1,0.05,-15,-0.087960683,0.011624382
65,1,-1,-0.1,0.05,-15,0.044875564,0.011308929
65,3,-1,-0.1,0.05,-15,0.297326603,0.011151786
65,5,-1,-0.1,0.05,-15,0.543560781,0.011692803
65,7,-1,-0.1,0.05,-15,0.7916617,0.013551282
56,-3,-1,-0.1,-0.05,-15,0.617026945,0.012331622
56,-1,-1,-0.1,-0.05,-15,0.843973048,0.013566629
56,0,-1,-0.1,-0.05,-15,0.966665915,0.014287268
56,1,-1,-0.1,-0.05,-15,1.079230753,0.015703462
56,3,-1,-0.1,-0.05,-15,1.28739388,0.018789601
56,5,-1,-0.1,-0.05,-15,1.4690153,0.022126104
56,7,-1,-0.1,-0.05,-15,1.62639047,0.028042125
65,-3,-1,0.2,0,0,-0.091894747,0.011278339
65,-1,-1,0.2,0,0,0.159004521,0.010654684
65,0,-1,0.2,0,0,0.276013376,0.010688133
65,1,-1,0.2,0,0,0.404791628,0.010764647
65,3,-1,0.2,0,0,0.656671436,0.011859077
65,5,-1,0.2,0,0,0.891431529,0.013580803
65,7,-1,0.2,0,0,1.127445086,0.016172405
65,-3,-1,-0.2,0,0,-0.19125216,0.012000807
65,-1,-1,-0.2,0,0,0.050550635,0.010811847
65,0,-1,-0.2,0,0,0.176396495,0.01108104
65,1,-1,-0.2,0,0,0.298121716,0.011042872
65,3,-1,-0.2,0,0,0.543348375,0.011721661
65,5,-1,-0.2,0,0,0.782772796,0.01333113
65,7,-1,-0.2,0,0,1.00815932,0.015614975
65,-3,-1,0.2,0,5,-0.187847628,0.011587639
65,-1,-1,0.2,0,5,0.05984506,0.010925153
65,0,-1,0.2,0,5,0.182004926,0.010806603
65,1,-1,0.2,0,5,0.312566123,0.010862153
65,3,-1,0.2,0,5,0.560533879,0.011561639
65,5,-1,0.2,0,5,0.80920959,0.013423769
65,7,-1,0.2,0,5,1.047819013,0.016024324
65,-3,-1,0.2,0,-5,-0.008835376,0.011169039
65,-1,-1,0.2,0,-5,0.244630893,0.010671413
65,0,-1,0.2,0,-5,0.368888961,0.010734552
65,1,-1,0.2,0,-5,0.493250115,0.010883335
65,3,-1,0.2,0,-5,0.738020007,0.011996503
65,5,-1,0.2,0,-5,0.988784856,0.013627182
65,7,-1,0.2,0,-5,1.197674638,0.017099275
65,-3,-1,-0.2,0,5,-0.288870129,0.011970672
65,-1,-1,-0.2,0,5,-0.034653379,0.011021344
65,0,-1,-0.2,0,5,0.078349519,0.010882949
65,1,-1,-0.2,0,5,0.213257611,0.011180515
65,3,-1,-0.2,0,5,0.213251873,0.011180515
65,5,-1,-0.2,0,5,0.699930754,0.012923442
65,7,-1,-0.2,0,5,0.916191137,0.01581729
65,-3,-1,-0.2,0,-5,-0.105396464,0.011530248
65,-1,-1,-0.2,0,-5,0.135967313,0.011220019
65,0,-1,-0.2,0,-5,0.258327476,0.010992061
65,1,-1,-0.2,0,-5,0.38862967,0.011182534
65,3,-1,-0.2,0,-5,0.63458219,0.012103656
65,5,-1,-0.2,0,-5,0.867358112,0.013801005
65,7,-1,-0.2,0,-5,1.091531933,0.016348701
65,-3,-1,0.2,0,-10,0.084266716,0.011569861
65,-1,-1,0.2,0,-10,0.339474029,0.011155852
65,0,-1,0.2,0,-10,0.465629604,0.010919474
65,1,-1,0.2,0,-10,0.588640342,0.01132634
65,3,-1,0.2,0,-10,0.832793692,0.012486046
65,5,-1,0.2,0,-10,1.07787047,0.014530062
65,7,-1,0.2,0,-10,1.288534392,0.017667815
65,-3,-1,-0.2,0,-10,-0.017768587,0.011576845
65,-1,-1,-0.2,0,-10,0.235476556,0.011373135
65,0,-1,-0.2,0,-10,0.353418139,0.010999471
65,1,-1,-0.2,0,-10,0.470068367,0.011348541
65,3,-1,-0.2,0,-10,0.721073818,0.012324798
65,5,-1,-0.2,0,-10,0.958132983,0.014262501
65,7,-1,-0.2,0,-10,1.180054923,0.016466242
65,-3,-1,0.2,0,-15,0.084266716,0.011569861
65,-1,-1,0.2,0,-15,0.339474029,0.011155852
65,0,-1,0.2,0,-15,0.465629604,0.010919474
65,1,-1,0.2,0,-15,0.588640342,0.01132634
65,3,-1,0.2,0,-15,0.832793692,0.012486046
65,5,-1,0.2,0,-15,1.07787047,0.014530062
65,7,-1,0.2,0,-15,1.288534392,0.017667815
65,-3,-1,-0.2,0,-15,0.071087912,0.011496473
65,-1,-1,-0.2,0,-15,0.311280309,0.011091635
65,0,-1,-0.2,0,-15,0.447197166,0.011237035
65,1,-1,-0.2,0,-15,0.570125791,0.011652063
65,3,-1,-0.2,0,-15,0.808678328,0.012711778
65,5,-1,-0.2,0,-15,1.049065551,0.014584989
65,7,-1,-0.2,0,-15,1.262174072,0.017456616
65,-3,-1,0.2,0.05,0,-0.65073287,0.014447632
65,-1,-1,0.2,0.05,0,-0.407401937,0.012471929
65,0,-1,0.2,0.05,0,-0.286669495,0.011519208
65,1,-1,0.2,0.05,0,-0.161486022,0.011216358
65,3,-1,0.2,0.05,0,0.093824605,0.010692694
65,5,-1,0.2,0.05,0,0.350469978,0.010898293
65,7,-1,0.2,0.05,0,0.597200892,0.012401282
65,-3,-1,-0.2,0.05,0,-0.716290872,0.01481632
65,-1,-1,-0.2,0.05,0,-0.487251596,0.013076628
65,0,-1,-0.2,0.05,0,-0.366598694,0.011964964
65,1,-1,-0.2,0.05,0,-0.246985465,0.01167451
65,3,-1,-0.2,0.05,0,-0.001407259,0.011119722
65,5,-1,-0.2,0.05,0,0.245462018,0.011227369
65,7,-1,-0.2,0.05,0,0.494313827,0.012041141
65,-3,-1,0.2,0.05,5,-0.738104494,0.015250323
65,-1,-1,0.2,0.05,5,-0.500661376,0.012374847
65,0,-1,0.2,0.05,5,-0.370251249,0.01168378
65,1,-1,0.2,0.05,5,-0.246675117,0.011358632
65,3,-1,0.2,0.05,5,-0.001557166,0.010719712
65,5,-1,0.2,0.05,5,0.256763368,0.010816971
65,7,-1,0.2,0.05,5,0.508196104,0.011880417
65,-3,-1,0.2,0.05,-5,-0.558082256,0.014884494
65,-1,-1,0.2,0.05,-5,-0.326141514,0.012280001
65,0,-1,0.2,0.05,-5,-0.200160158,0.011369109
65,1,-1,0.2,0.05,-5,-0.073081254,0.010980624
65,3,-1,0.2,0.05,-5,0.190142148,0.010732444
65,5,-1,0.2,0.05,-5,0.435253354,0.011073481
65,7,-1,0.2,0.05,-5,0.690141177,0.012684869
65,-3,-1,0.2,-0.05,5,0.351700983,0.01173008
65,-1,-1,0.2,-0.05,5,0.598445847,0.012236838
65,0,-1,0.2,-0.05,5,0.719296512,0.012599026
65,1,-1,0.2,-0.05,5,0.83809227,0.014016221
65,3,-1,0.2,-0.05,5,1.047557834,0.017034228
65,5,-1,0.2,-0.05,5,1.232074138,0.020053541
65,7,-1,0.2,-0.05,5,1.355988913,0.026690831
65,-3,-1,0.2,-0.05,-5,0.536272096,0.011727765
65,-1,-1,0.2,-0.05,-5,0.780158035,0.012279507
65,0,-1,0.2,-0.05,-5,0.904429754,0.013305378
65,1,-1,0.2,-0.05,-5,1.026985011,0.014033356
65,3,-1,0.2,-0.05,-5,1.227076115,0.01703954
65,5,-1,0.2,-0.05,-5,1.419336784,0.022451741
65,7,-1,0.2,-0.05,-5,1.573985644,0.026527465
65,-3,-1,-0.2,0.05,5,-0.802115009,0.015538145
65,-1,-1,-0.2,0.05,5,-0.578673875,0.013352657
65,0,-1,-0.2,0.05,5,-0.456774238,0.012122393
65,1,-1,-0.2,0.05,5,-0.332712154,0.011534641
65,3,-1,-0.2,0.05,5,-0.094370441,0.010897304
65,5,-1,-0.2,0.05,5,0.157090788,0.010893515
65,7,-1,-0.2,0.05,5,0.400353062,0.01209035
65,-3,-1,-0.2,0.05,-5,-0.64345012,0.014564045
65,-1,-1,-0.2,0.05,-5,-0.410993945,0.012463223
65,0,-1,-0.2,0.05,-5,-0.285962827,0.011868495
65,1,-1,-0.2,0.05,-5,-0.162218709,0.011425549
65,3,-1,-0.2,0.05,-5,0.087639818,0.011075608
65,5,-1,-0.2,0.05,-5,0.330024876,0.01117356
65,7,-1,-0.2,0.05,-5,0.579742534,0.012566715
60,-3,-1,0.2,0.05,-10,-0.470262971,0.014125951
60,-1,-1,0.2,0.05,-10,-0.237942905,0.012032608
60,0,-1,0.2,0.05,-10,-0.090196279,0.011589389
60,1,-1,0.2,0.05,-10,0.035824669,0.01083473
60,3,-1,0.2,0.05,-10,0.269366856,0.011094812
60,5,-1,0.2,0.05,-10,0.543412832,0.011535802
60,7,-1,0.2,0.05,-10,0.780554365,0.012916625
60,-3,-1,0.2,-0.05,-10,0.616156434,0.012000748
60,-1,-1,0.2,-0.05,-10,0.853147608,0.013025789
60,0,-1,0.2,-0.05,-10,0.976071466,0.01362417
60,1,-1,0.2,-0.05,-10,1.096015085,0.01481038
60,3,-1,0.2,-0.05,-10,1.317758713,0.017743515
60,5,-1,0.2,-0.05,-10,1.472188261,0.021716239
60,7,-1,0.2,-0.05,-10,1.587135554,0.028415531
60,-3,-1,-0.2,0.05,-10,-0.541963814,0.01539491
60,-1,-1,-0.2,0.05,-10,-0.322661107,0.012819362
60,0,-1,-0.2,0.05,-10,-0.200574615,0.011908477
60,1,-1,-0.2,0.05,-10,-0.078830998,0.011513541
60,3,-1,-0.2,0.05,-10,0.177421445,0.011236369
60,5,-1,-0.2,0.05,-10,0.419945012,0.011770914
60,7,-1,-0.2,0.05,-10,0.665215211,0.012932276
60,-3,-1,-0.2,-0.05,-10,0.508022427,0.01189134
60,-1,-1,-0.2,-0.05,-10,0.746809664,0.013064952
60,0,-1,-0.2,-0.05,-10,0.871054126,0.013795835
60,1,-1,-0.2,-0.05,-10,0.981231967,0.014638193
60,3,-1,-0.2,-0.05,-10,1.18734594,0.017389376
60,5,-1,-0.2,-0.05,-10,1.394147965,0.02156343
60,7,-1,-0.2,-0.05,-10,1.493546181,0.027750864
60,-4,-1,0.2,0.05,-15,-0.513840559,0.016814262
60,-2,-1,0.2,0.05,-15,-0.272274296,0.013117432
60,0,-1,0.2,0.05,-15,-0.013345943,0.01123976
60,2,-1,0.2,0.05,-15,0.245138766,0.011291285
60,4,-1,0.2,0.05,-15,0.494668009,0.011609989
60,6,-1,0.2,0.05,-15,0.740032138,0.012843953
60,8,-1,0.2,0.05,-15,0.987195117,0.014334897
60,-3.5,-1,0.2,-0.05,-15,0.652142236,0.011961585
60,-2.5,-1,0.2,-0.05,-15,0.776211608,0.012321227
60,-1.5,-1,0.2,-0.05,-15,0.886600648,0.013179073
60,-0.5,-1,0.2,-0.05,-15,1.011732169,0.013670996
60,0.5,-1,0.2,-0.05,-15,1.137470349,0.01480361
60,1.5,-1,0.2,-0.05,-15,1.229439446,0.015992885
60,2.5,-1,0.2,-0.05,-15,1.347952391,0.017736281
60,4,-1,0.2,-0.05,-15,1.476841838,0.020362905
60,-1.5,-1,-0.2,0.05,-15,-0.304286562,0.012950191
60,-0.5,-1,-0.2,0.05,-15,-0.178231409,0.012198084
60,0.5,-1,-0.2,0.05,-15,-0.053106924,0.011906736
60,1.5,-1,-0.2,0.05,-15,0.073526965,0.011355381
60,3,-1,-0.2,0.05,-15,0.267152924,0.011280013
60,5,-1,-0.2,0.05,-15,0.511866853,0.012261675
60,7,-1,-0.2,0.05,-15,0.751619405,0.013659258
60,5,-1,-0.2,-0.05,-15,0.348859653,0.011697011
60,-4,-1,-0.2,-0.05,-15,0.465461009,0.011821246
60,-2,-1,-0.2,-0.05,-15,0.708705254,0.01277653
60,0,-1,-0.2,-0.05,-15,0.945207269,0.014109533
60,2,-1,-0.2,-0.05,-15,1.15388605,0.016321782
60,4,-1,-0.2,-0.05,-15,1.361385995,0.019029588
60,6,-1,-0.2,-0.05,-15,1.502554939,0.025938779
60,-3,-1,0.3,0,0,-0.082072583,0.011490589
60,-1,-1,0.3,0,0,0.170145122,0.010919833
60,0,-1,0.3,0,0,0.290907993,0.010877361
60,1,-1,0.3,0,0,0.416587423,0.011026348
60,3,-1,0.3,0,0,0.667916445,0.011988603
60,5,-1,0.3,0,0,0.90893085,0.013480522
60,7,-1,0.3,0,0,1.129619528,0.01634743
60,-3,-1,-0.3,0,0,-0.214733424,0.01199795
60,-1,-1,-0.3,0,0,0.02876138,0.011485739
60,0,-1,-0.3,0,0,0.145636285,0.010996893
60,1,-1,-0.3,0,0,0.270541512,0.011314311
60,3,-1,-0.3,0,0,0.513190127,0.012260027
60,5,-1,-0.3,0,0,0.748418678,0.013792352
60,7,-1,-0.3,0,0,0.978515987,0.016300186
60,-3,-1,0.3,0,5,-0.162872399,0.01153236
60,-1,-1,0.3,0,5,0.0910605,0.011115262
60,0,-1,0.3,0,5,0.215362725,0.010841643
60,1,-1,0.3,0,5,0.338153524,0.011056213
60,3,-1,0.3,0,5,0.588289544,0.012047701
60,5,-1,0.3,0,5,0.831679967,0.013571609
60,7,-1,0.3,0,5,1.058289532,0.01679572
60,-3,-1,0.3,0,5,0.019113568,0.011459893
60,-1,-1,0.3,0,5,0.269231939,0.010890757
60,0,-1,0.3,0,5,0.395246339,0.010892624
60,1,-1,0.3,0,5,0.517320989,0.011427201
60,3,-1,0.3,0,5,0.75901915,0.012435883
60,5,-1,0.3,0,5,1.011177757,0.014200933
60,7,-1,0.3,0,5,1.221000774,0.017197857
60,-3,-1,-0.3,0,5,-0.287605788,0.012421532
60,-1,-1,-0.3,0,5,-0.051400323,0.011553158
60,0,-1,-0.3,0,5,0.072847936,0.011332164
60,1,-1,-0.3,0,5,0.194369381,0.011529513
60,3,-1,-0.3,0,5,0.433210027,0.012126376
60,5,-1,-0.3,0,5,0.678293062,0.013327632
60,7,-1,-0.3,0,5,0.896521776,0.016095431
60,-3,-1,-0.3,0,5,-0.133823074,0.011585302
60,-1,-1,-0.3,0,5,0.109730202,0.011301323
60,0,-1,-0.3,0,5,0.231845652,0.011079146
60,1,-1,-0.3,0,5,0.362947288,0.011503992
60,3,-1,-0.3,0,5,0.596836079,0.012179611
60,5,-1,-0.3,0,5,0.831007474,0.013971749
60,7,-1,-0.3,0,5,1.052478831,0.016799679
60,-3,-1,0.3,0,-10,0.109872735,0.011084945
60,-1,-1,0.3,0,-10,0.35979521,0.011041817
60,0,-1,0.3,0,-10,0.485943946,0.011174438
60,1,-1,0.3,0,-10,0.610611386,0.011359922
60,3,-1,0.3,0,-10,0.856172433,0.012732409
60,5,-1,0.3,0,-10,1.096282247,0.014752837
60,7,-1,0.3,0,-10,1.304695491,0.018021464
60,-3,-1,-0.3,0,-10,-0.048151434,0.011973857
60,-1,-1,-0.3,0,-10,0.195549843,0.011353399
60,0,-1,-0.3,0,-10,0.317537529,0.011488202
60,1,-1,-0.3,0,-10,0.439819546,0.011491114
60,3,-1,-0.3,0,-10,0.683469005,0.01280335
60,5,-1,-0.3,0,-10,0.925768949,0.014237472
60,7,-1,-0.3,0,-10,1.130891251,0.017483876
60,-3,-1,0.3,0,-15,0.202352332,0.011516062
60,-1,-1,0.3,0,-15,0.455634625,0.011281768
60,0,-1,0.3,0,-15,0.576365566,0.011429255
60,1,-1,0.3,0,-15,0.704886488,0.011939397
60,3,-1,0.3,0,-15,0.954890842,0.013093595
60,5,-1,0.3,0,-15,1.179522637,0.015073711
60,7,-1,0.3,0,-15,1.393020564,0.019043358
60,-3,-1,-0.3,0,-15,0.034265396,0.011533135
60,-1,-1,-0.3,0,-15,0.280173534,0.011338011
60,0,-1,-0.3,0,-15,0.413619375,0.011504218
60,1,-1,-0.3,0,-15,0.528333873,0.01178862
60,3,-1,-0.3,0,-15,0.773946821,0.012842026
60,5,-1,-0.3,0,-15,1.000642421,0.014946225
60,7,-1,-0.3,0,-15,1.176990339,0.018775069
60,-4,-1,0.3,0.05,0,-0.736981886,0.015446206
60,-2,-1,0.3,0.05,0,-0.492973656,0.013147759
60,0,-1,0.3,0.05,0,-0.264459004,0.011777032
60,2,-1,0.3,0.05,0,0.003375708,0.010659606
60,4,-1,0.3,0.05,0,0.255446066,0.010716472
60,6,-1,0.3,0.05,0,0.503454189,0.011584845
60,8,-1,0.3,0.05,0,0.749160139,0.012789418
65,-4,-1,0.3,-0.05,0,0.34860581,0.011727765
65,-2,-1,0.3,-0.05,0,0.599869076,0.01172362
65,0,-1,0.3,-0.05,0,0.840198524,0.013020366
65,2,-1,0.3,-0.05,0,1.061819811,0.01491542
65,3,-1,0.3,-0.05,0,1.172849736,0.016557922
65,5,-1,0.3,-0.05,0,1.370330035,0.020691016
65,7,-1,0.3,-0.05,0,1.4868843,0.027725487
60,-4,-1,-0.3,0.05,0,-0.823173837,0.017271516
60,-2,-1,-0.3,0.05,0,-0.61998054,0.014137887
60,0,-1,-0.3,0.05,0,-0.391766606,0.012425154
60,2,-1,-0.3,0.05,0,-0.149574873,0.011346443
60,4,-1,-0.3,0.05,0,0.093889092,0.011034822
60,6,-1,-0.3,0.05,0,0.342432887,0.0118589
60,8,-1,-0.3,0.05,0,0.586434383,0.013191288
65,-4,-1,-0.3,-0.05,0,0.189871768,0.011539993
65,-2,-1,-0.3,-0.05,0,0.429770863,0.011858177
65,0,-1,-0.3,-0.05,0,0.675941923,0.01273196
65,2,-1,-0.3,-0.05,0,0.893389385,0.014976738
65,4,-1,-0.3,-0.05,0,1.08871634,0.018212008
65,6,-1,-0.3,-0.05,0,1.23447224,0.023290285
65,8,-1,-0.3,-0.05,0,1.376299567,0.029461904
60,-4,-1,0.3,0.05,5,-0.824767176,0.016398564
60,-2,-1,0.3,0.05,5,-0.597958371,0.014046615
60,0,-1,0.3,0.05,5,-0.349034162,0.012316513
60,2,-1,0.3,0.05,5,-0.10360139,0.010739274
60,4,-1,0.3,0.05,5,0.154084129,0.010878594
60,6,-1,0.3,0.05,5,0.407977029,0.011109036
60,8,-1,0.3,0.05,5,0.655483917,0.01283629
60,-4,-1,0.3,0.05,-5,-0.668815927,0.015631014
60,-2,-1,0.3,0.05,-5,-0.412680416,0.013537438
60,0,-1,0.3,0.05,-5,-0.16599278,0.011303828
60,2,-1,0.3,0.05,-5,0.082504583,0.010870983
60,4,-1,0.3,0.05,-5,0.321500152,0.010760655
60,6,-1,0.3,0.05,-5,0.572586044,0.011740226
60,8,-1,0.3,0.05,-5,0.829136522,0.013598743
60,-4,-1,0.3,-0.05,5,0.250783433,0.011792393
60,-2,-1,0.3,-0.05,5,0.501391313,0.011839823
60,0,-1,0.3,-0.05,5,0.744467318,0.012999107
60,2,-1,0.3,-0.05,5,0.959405903,0.015639745
60,4,-1,0.3,-0.05,5,1.162836871,0.01959705
60,6,-1,0.3,-0.05,5,1.316068192,0.023530634
60,8,-1,0.3,-0.05,5,1.458782523,0.031792068
60,-4,-1,0.3,-0.05,-5,0.424017472,0.011478559
60,-2,-1,0.3,-0.05,-5,0.675489421,0.011976342
60,0,-1,0.3,-0.05,-5,0.918570535,0.013625134
60,2,-1,0.3,-0.05,-5,1.151452907,0.015578591
60,4,-1,0.3,-0.05,-5,1.334345788,0.019705831
60,6,-1,0.3,-0.05,-5,1.490568031,0.025332711
60,8,-1,0.3,-0.05,-5,1.63531656,0.031202964
60,-4,-1,-0.3,0.05,5,-0.914467306,0.018673185
60,-2,-1,-0.3,0.05,5,-0.709683109,0.014762149
60,0,-1,-0.3,0.05,5,-0.474122259,0.012901624
60,2,-1,-0.3,0.05,5,-0.235699366,0.01153062
60,4,-1,-0.3,0.05,5,0.008672485,0.011226166
60,6,-1,-0.3,0.05,5,0.255011593,0.011628067
60,8,-1,-0.3,0.05,5,0.498878172,0.012960095
60,-4,-1,-0.3,0.05,-5,-0.742388766,0.016835475
60,-2,-1,-0.3,0.05,-5,-0.545252086,0.013865778
60,0,-1,-0.3,0.05,-5,-0.305335126,0.01198195
60,2,-1,-0.3,0.05,-5,-0.067210432,0.011395898
60,4,-1,-0.3,0.05,-5,0.187144959,0.011447431
60,6,-1,-0.3,0.05,-5,0.431049969,0.012343926
60,8,-1,-0.3,0.05,-5,0.670457915,0.01328242
60,-3,-1,-0.3,-0.05,5,0.28024076,0.011807952
60,-1,-1,-0.3,-0.05,5,0.479077482,0.012592616
60,0,-1,-0.3,-0.05,5,0.610964932,0.013105357
60,1,-1,-0.3,-0.05,5,0.72495376,0.014406849
60,3,-1,-0.3,-0.05,5,0.929683039,0.016545602
60,5,-1,-0.3,-0.05,5,1.077278865,0.0212991
60,7,-1,-0.3,-0.05,5,1.23276824,0.02809828
60,-4,-1,-0.3,-0.05,-5,0.279261163,0.011726433
60,-2,-1,-0.3,-0.05,-5,0.521487844,0.012329134
60,0,-1,-0.3,-0.05,-5,0.756364591,0.013245963
60,2,-1,-0.3,-0.05,-5,0.960255459,0.015599282
60,4,-1,-0.3,-0.05,-5,1.166765938,0.019416027
60,6,-1,-0.3,-0.05,-5,1.317535787,0.024090399
60,7,-1,-0.3,-0.05,-5,1.398130442,0.02826991
60,-4,-1,0.3,0.05,-10,-0.58394667,0.016323094
60,-2,-1,0.3,0.05,-10,-0.335435338,0.013200843
60,0,-1,0.3,0.05,-10,-0.084057598,0.011419628
60,2,-1,0.3,0.05,-10,0.178959052,0.011067126
60,4,-1,0.3,0.05,-10,0.439068216,0.011394662
60,6,-1,0.3,0.05,-10,0.678059338,0.012252015
60,8,-1,0.3,0.05,-10,0.924154943,0.014155825
60,-5,-1,0.3,-0.05,-10,0.383502443,0.011645506
60,-4,-1,0.3,-0.05,-10,0.505080155,0.011890249
60,-3,-1,0.3,-0.05,-10,0.63454317,0.01178754
60,-1,-1,0.3,-0.05,-10,0.876160056,0.012904875
60,0,-1,0.3,-0.05,-10,0.99583628,0.013537287
60,1,-1,0.3,-0.05,-10,1.110929055,0.015150899
60,3,-1,0.3,-0.05,-10,1.296468135,0.017601097
60,-4,-1,-0.3,0.05,-10,-0.666422609,0.016665912
60,-2,-1,-0.3,0.05,-10,-0.458263524,0.013743726
60,0,-1,-0.3,0.05,-10,-0.226009175,0.012313215
60,2,-1,-0.3,0.05,-10,0.020600483,0.011460205
60,4,-1,-0.3,0.05,-10,0.277785905,0.011425563
60,6,-1,-0.3,0.05,-10,0.507178212,0.012132889
60,8,-1,-0.3,0.05,-10,0.753449487,0.013869354
60,-3,-1,-0.3,-0.05,-10,0.504557672,0.01191347
60,-1,-1,-0.3,-0.05,-10,0.747016567,0.01316766
60,0,-1,-0.3,-0.05,-10,0.870866961,0.013616902
60,1,-1,-0.3,-0.05,-10,0.986375865,0.015107904
60,3,-1,-0.3,-0.05,-10,1.182755061,0.017367304
60,5,-1,-0.3,-0.05,-10,1.326125398,0.021797699
60,7,-1,-0.3,-0.05,-10,1.504113098,0.026892809
60,-4,-1,0.3,0.05,-15,-0.505202415,0.015077426
60,-2,-1,0.3,0.05,-15,-0.245353332,0.012724235
60,0,-1,0.3,0.05,-15,0.012523846,0.01161879
60,2,-1,0.3,0.05,-15,0.268038009,0.011027949
60,4,-1,0.3,0.05,-15,0.529263776,0.011658406
60,6,-1,0.3,0.05,-15,0.767775026,0.012601486
60,8,-1,0.3,0.05,-15,1.002964217,0.014591297
60,-3,-1,0.3,-0.05,-15,0.74834495,0.012348872
60,-1,-1,0.3,-0.05,-15,0.989284234,0.013263216
60,0,-1,0.3,-0.05,-15,1.099385445,0.014681965
60,1,-1,0.3,-0.05,-15,1.232695092,0.015533971
60,3,-1,0.3,-0.05,-15,1.410771033,0.018871333
60,5,-1,0.3,-0.05,-15,1.56704088,0.023850301
60,7,-1,0.3,-0.05,-15,1.747018657,0.029975803
60,-4,-1,-0.3,0.05,-15,-0.584327385,0.016527953
60,-2,-1,-0.3,0.05,-15,-0.37645044,0.013888732
60,0,-1,-0.3,0.05,-15,-0.141137595,0.012140808
60,2,-1,-0.3,0.05,-15,0.105489398,0.011460602
60,4,-1,-0.3,0.05,-15,0.359807401,0.011849553
60,6,-1,-0.3,0.05,-15,0.606900251,0.012926842
60,8,-1,-0.3,0.05,-15,0.83202167,0.014581532
60,-3,-1,-0.3,-0.05,-15,0.581722404,0.012108426
60,-1,-1,-0.3,-0.05,-15,0.806219631,0.013122552
60,0,-1,-0.3,-0.05,-15,0.921732366,0.013845831
60,1,-1,-0.3,-0.05,-15,1.044821677,0.015088526
60,3,-1,-0.3,-0.05,-15,1.252630699,0.018136259
60,5,-1,-0.3,-0.05,-15,1.430700835,0.022517796
60,7,-1,-0.3,-0.05,-15,1.58153222,0.027772739
60,-4,-1,0.3,-0.1,-10,1.012476996,0.014682917
60,-3,-1,0.3,-0.1,-10,1.137158485,0.016176903
60,-2,-1,0.3,-0.1,-10,1.211598413,0.017735654
60,-1,-1,0.3,-0.1,-10,1.301360893,0.019589654
60,0,-1,0.3,-0.1,-10,1.405698309,0.022083045
60,1,-1,0.3,-0.1,-10,1.472671267,0.024313174
60,2,-1,0.3,-0.1,-10,1.561171661,0.0257562
60,3,-1,0.3,-0.1,-10,1.578966251,0.0318979
60,-4,-1,0.3,-0.1,-15,1.088662828,0.015009666
60,-3,-1,0.3,-0.1,-15,1.207462674,0.016468425
60,-2,-1,0.3,-0.1,-15,1.295013312,0.017906041
60,-1,-1,0.3,-0.1,-15,1.379177102,0.02075573
60,0,-1,0.3,-0.1,-15,1.488447914,0.022680288
60,1,-1,0.3,-0.1,-15,1.538713045,0.025509716
60,2,-1,0.3,-0.1,-15,1.626405333,0.028022694
60,-3,-1,0.07,0,0,-0.131684727,0.011527479
60,-1,-1,0.07,0,0,0.117883412,0.010877306
60,0,-1,0.07,0,0,0.241382117,0.010878234
60,1,-1,0.07,0,0,0.366709626,0.011134809
60,3,-1,0.07,0,0,0.613077967,0.01181767
60,5,-1,0.07,0,0,0.854989301,0.013623323
60,7,-1,0.07,0,0,1.076198139,0.016643062
60,-3,-1,0,0,0,-0.147608134,0.011635683
60,-1,-1,0,0,0,0.102305715,0.011049989
60,0,-1,0,0,0,0.226644862,0.011017272
60,1,-1,0,0,0,0.34908374,0.010967697
60,3,-1,0,0,0,0.58979081,0.011914027
60,5,-1,0,0,0,0.832567839,0.013514449
60,7,-1,0,0,0,1.059900519,0.016158129
60,-3,-1,0,0,5,-0.236791006,0.011962897
60,-1,-1,0,0,5,0.009252126,0.010951598
60,0,-1,0,0,5,0.1369618,0.010990929
60,1,-1,0,0,5,0.259628596,0.011110286
60,3,-1,0,0,5,0.504128888,0.011857913
60,5,-1,0,0,5,0.759575767,0.013435299
60,7,-1,0,0,5,0.985128293,0.016177623
60,-3,-1,0,0,-10,0.026229221,0.011596476
60,-1,-1,0,0,-10,0.278247199,0.011194239
60,0,-1,0,0,-10,0.402081454,0.01122149
60,1,-1,0,0,-10,0.52125145,0.011363347
60,3,-1,0,0,-10,0.763179155,0.012446727
60,5,-1,0,0,-10,1.008575446,0.014707799
60,7,-1,0,0,-10,1.216492332,0.017773505
60,-3,-1,0,0,-15,0.114935799,0.011633501
60,-1,-1,0,0,-15,0.369180852,0.011250925
60,0,-1,0,0,-15,0.494437768,0.011204574
60,1,-1,0,0,-15,0.625732375,0.011868095
60,3,-1,0,0,-15,0.853418951,0.012914523
60,5,-1,0,0,-15,1.081711142,0.015410027
60,7,-1,0,0,-15,1.299291862,0.018928865
60,-4,-1,0,0.05,0,-0.684914307,0.015245596
60,-2,-1,0,0.05,0,-0.452749825,0.012395535
60,0,-1,0,0.05,0,-0.327482227,0.011773572
60,2,-1,0,0.05,0,-0.082419895,0.01104362
60,4,-1,0,0.05,0,0.167322556,0.01080518
60,6,-1,0,0.05,0,0.417638078,0.011569624
60,8,-1,0,0.05,0,0.658000541,0.012804302
60,-5,-1,0,-0.05,5,0.059106648,0.011726712
60,-4,-1,0,-0.05,5,0.181489725,0.011521939
60,-2,-1,0,-0.05,5,0.424285912,0.011966136
60,-1,-1,0,-0.05,5,0.551943809,0.012266587
60,0,-1,0,-0.05,5,0.669851952,0.013228326
60,1.5,-1,0,-0.05,5,0.837725088,0.014143286
60,3,-1,0,-0.05,5,0.998221354,0.016695484
60,-3,-1,0.1,0,-5,-0.032327334,0.011635289
60,-2,-1,0.1,0,-5,0.0936011,0.011452844
60,0,-1,0.1,0,-5,0.343547749,0.011087216
60,1.25,-1,0.1,0,-5,0.491804573,0.011447878
60,2.5,-1,0.1,0,-5,0.65472237,0.012153301
60,5,-1,0.1,0,-5,0.926316511,0.013879374
60,7,-1,0.1,0,-5,1.178608873,0.016539959
60,-5,-1,0,-0.05,0,0.147167042,0.011883305
60,-4,-1,0,-0.05,0,0.286457604,0.011389569
60,-2,-1,0,-0.05,0,0.528022822,0.01191837
60,-1,-1,0,-0.05,0,0.651632641,0.012658472
60,0,-1,0,-0.05,0,0.773934165,0.013190649
60,1.5,-1,0,-0.05,0,0.932646327,0.0149051
60,3,-1,0,-0.05,0,1.109543083,0.017189555
64,-4,-1,0,0,-5,-0.225703731,0.014371338
64,-2,-1,0,0,-5,0.089748866,0.013473903
64,0,-1,0,0,-5,0.398773889,0.013154158
64,2,-1,0,0,-5,0.708580655,0.013902767
64,4,-1,0,0,-5,1.023384884,0.015148184
64,6,-1,0,0,-5,1.303065029,0.017585656
64,8,-1,0,0,-5,1.57265167,0.021870859
64,10,-1,0,0,-5,1.7782883,0.028525009
64,12,-1,0,0,-5,1.991110084,0.035970159
64,14,-1,0,0,-5,2.094438126,0.048481633
55,-4.01,0,0,0,-5,-0.226636672,0.014682056
55,-2.01,0,0,0,-5,0.086839238,0.01376769
55,-0.01,0,0,0,-5,0.393323383,0.013443132
55,1.99,0,0,0,-5,0.700912116,0.014227619
55,3.99,0,0,0,-5,1.015111107,0.015527369
55,5.99,0,0,0,-5,1.28949407,0.018115276
55,7.99,0,0,0,-5,1.551609388,0.022605204
55,9.99,0,0,0,-5,1.746537302,0.029734911
55,11.99,0,0,0,-5,1.950463312,0.037753554
55,13.99,0,0,0,-5,2.040107132,0.051496061
64,-4,-1,0,0,-15,-0.00427254,0.014228227
64,-2,-1,0,0,-15,0.312259678,0.013361906
64,0,-1,0,0,-15,0.62671113,0.013244633
64,2,-1,0,0,-15,0.918923097,0.014599353
64,4,-1,0,0,-15,1.221579201,0.016481167
64,6,-1,0,0,-15,1.515899058,0.019547353
64,8,-1,0,0,-15,1.760932087,0.023296073
64,10,-1,0,0,-15,1.980457362,0.02863119
64,12,-1,0,0,-15,2.138597074,0.03826501
64,14,-1,0,0,-15,2.323857911,0.049076192
55,-4.01,0,0,0,-15,-0.013201433,0.014564399
55,-2.01,0,0,0,-15,0.301360397,0.013673774
55,-0.01,0,0,0,-15,0.614197514,0.013559741
55,1.99,0,0,0,-15,0.902675654,0.014934534
55,3.99,0,0,0,-15,1.20235941,0.016879184
55,5.99,0,0,0,-15,1.489164362,0.02014677
55,7.99,0,0,0,-15,1.72611748,0.024018508
55,9.99,0,0,0,-15,1.942396529,0.029654838
55,11.99,0,0,0,-15,2.098741232,0.039733356
55,13.99,0,0,0,-15,2.274870142,0.051686662
64,-4,-1,0,0.05,-10,-0.63846229,0.015756182
64,-2,-1,0,0.05,-10,-0.398138134,0.013393786
64,0,-1,0,0.05,-10,-0.150861696,0.011851799
64,2,-1,0,0.05,-10,0.127794607,0.013011282
64,4,-1,0,0.05,-10,0.34797125,0.011210156
64,6,-1,0,0.05,-10,0.596213566,0.012198087
64,8,-1,0,0.05,-10,0.837193274,0.013448891
55,-3.99,0,0,0.05,-10,-0.636754384,0.016260523
55,-2.01,0,0,0.05,-10,-0.400506799,0.013769041
55,-0.01,0,0,0.05,-10,-0.155377324,0.012179763
55,1.99,0,0,0.05,-10,0.090423996,0.011164044
55,3.99,0,0,0.05,-10,0.340217752,0.011516974
55,5.99,0,0,0.05,-10,0.587344301,0.012482776
55,7.99,0,0,0.05,-10,0.825668136,0.013746325
64,-4,-1,0,0.05,-15,-0.546061376,0.015631317
64,-2,-1,0,0.05,-15,-0.313921009,0.012861803
64,0,-1,0,0.05,-15,-0.064375957,0.011569618
64,2,-1,0,0.05,-15,0.189011689,0.011310193
64,4,-1,0,0.05,-15,0.457050374,0.011194104
64,6,-1,0,0.05,-15,0.693565919,0.012643626
64,8,-1,0,0.05,-15,0.932676018,0.014552033
55,-3.99,0,0,0.05,-15,-0.545661362,0.016189086
55,-2.01,0,0,0.05,-15,-0.319555152,0.013285579
55,-0.01,0,0,0.05,-15,-0.072316196,0.011932488
55,1.99,0,0,0.05,-15,0.179789499,0.011647093
55,3.99,0,0,0.05,-15,0.449135214,0.011518034
55,5.99,0,0,0.05,-15,0.68256053,0.012946877
55,7.99,0,0,0.05,-15,0.919819434,0.01487263
64,-4,-1,0,-0.05,-15,0.54176702,0.011676115
64,-2,-1,0,-0.05,-15,0.789508794,0.012656402
64,0,-1,0,-0.05,-15,1.022021532,0.014264954
64,2,-1,0,-0.05,-15,1.241936627,0.016872713
64,4,-1,0,-0.05,-15,1.420850118,0.019041811
64,6,-1,0,-0.05,-15,1.620426156,0.024880684
64,8,-1,0,-0.05,-15,1.723481731,0.032251095
55,-4.01,0,0,-0.05,-15,0.533398691,0.011997975
55,-2.01,0,0,-0.05,-15,0.777431039,0.013161979
55,-0.01,0,0,-0.05,-15,1.009542705,0.01472123
55,1.99,0,0,-0.05,-15,1.225569996,0.017408997
55,3.99,0,0,-0.05,-15,1.399083903,0.019698067
55,5.99,0,0,-0.05,-15,1.596381554,0.025808372
55,7.99,0,0,-0.05,-15,1.691573188,0.033680464
64,-4,-1,0.1,0,0,-0.228458907,0.012443378
64,-2,-1,0.1,0,0,-0.008966028,0.011200003
64,0,-1,0.1,0,0,0.24200804,0.010916137
64,2,-1,0.1,0,0,0.485775375,0.011498022
64,4,-1,0.1,0,0,0.753407504,0.012424224
64,6,-1,0.1,0,0,0.958137035,0.014859778
64,8,-1,0.1,0,0,1.191914038,0.01808976
55,-3.99,0,0.1,0,0,-0.226853195,0.012705682
55,-1.99,0,0.1,0,0,-0.007711409,0.011472657
55,0.01,0,0.1,0,0,0.242347554,0.011211888
55,1.99,0,0.1,0,0,0.48501333,0.011818659
55,3.99,0,0.1,0,0,0.749455552,0.012765507
55,5.99,0,0.1,0,0,0.952004489,0.015291293
55,7.99,0,0.1,0,0,1.181692941,0.018671135
64,-4,-1,-0.1,0,0,-0.302334349,0.012449521
64,-2,-1,-0.1,0,0,-0.054966987,0.011506685
64,0,-1,-0.1,0,0,0.192859996,0.010928648
64,2,-1,-0.1,0,0,0.437049808,0.011589997
64,4,-1,-0.1,0,0,0.689377488,0.012468512
64,6,-1,-0.1,0,0,0.920717293,0.014766272
64,8,-1,-0.1,0,0,1.135142037,0.017715297
55,-3.99,0,-0.1,0,0,-0.299113775,0.012713824
55,-1.99,0,-0.1,0,0,-0.053471607,0.011773524
55,-0.01,0,-0.1,0,0,0.192688476,0.011221758
55,1.99,0,-0.1,0,0,0.435527112,0.011907849
55,3.99,0,-0.1,0,0,0.68632724,0.012809661
55,5.99,0,-0.1,0,0,0.914625906,0.015171908
55,7.99,0,-0.1,0,0,1.123558767,0.018285828
64,-4,-1,0.1,0,5,-0.34305869,0.012304767
64,-2,-1,0.1,0,5,-0.097826924,0.011097833
64,0,-1,0.1,0,5,0.154393657,0.010686541
64,2,-1,0.1,0,5,0.407773649,0.011266701
64,4,-1,0.1,0,5,0.651146775,0.012192035
64,6,-1,0.1,0,5,0.890503013,0.013845427
64,8,-1,0.1,0,5,1.111653799,0.017793649
55,-3.99,0,0.1,0,5,-0.337854093,0.012548825
55,-1.99,0,0.1,0,5,-0.094358245,0.011362528
55,0.01,0,0.1,0,5,0.15698847,0.010977301
55,2.01,0,0.1,0,5,0.409405547,0.011597363
55,3.99,0,0.1,0,5,0.650478693,0.012553241
55,5.99,0,0.1,0,5,0.886684963,0.014265839
55,7.99,0,0.1,0,5,1.101349412,0.018446016
64,-4,-1,-0.1,0,5,-0.396154231,0.012839097
64,-2,-1,-0.1,0,5,-0.145377059,0.011389576
64,0,-1,-0.1,0,5,0.104169728,0.010830663
64,2,-1,-0.1,0,5,0.34957921,0.011206646
64,4,-1,-0.1,0,5,0.597334454,0.012407692
64,6,-1,-0.1,0,5,0.827237637,0.014007325
64,8,-1,-0.1,0,5,1.050038631,0.01788342
55,-3.99,0,-0.1,0,5,-0.390511616,0.013101702
55,-1.99,0,-0.1,0,5,-0.140494676,0.011660719
55,0.01,0,-0.1,0,5,0.10728237,0.011119926
55,2.01,0,-0.1,0,5,0.351973865,0.011541139
55,3.99,0,-0.1,0,5,0.596957425,0.01277656
55,5.99,0,-0.1,0,5,0.822049553,0.014461692
55,7.99,0,-0.1,0,5,1.038318653,0.018544841
64,-4,-1,-0.1,0,-5,-0.197851744,0.012166085
64,-2,-1,-0.1,0,-5,0.051364838,0.01132497
64,0,-1,-0.1,0,-5,0.295103785,0.011309377
64,2,-1,-0.1,0,-5,0.547328907,0.011968633
64,4,-1,-0.1,0,-5,0.784758898,0.012805391
64,6,-1,-0.1,0,-5,1.025656458,0.015084118
64,8,-1,-0.1,0,-5,1.209986623,0.019051536
55,-4.01,0,-0.1,0,-5,-0.199052778,0.012462886
55,-2.01,0,-0.1,0,-5,0.048845477,0.011613477
55,0.01,0,-0.1,0,-5,0.298144186,0.011474348
55,1.99,0,-0.1,0,-5,0.541193265,0.012290601
55,3.99,0,-0.1,0,-5,0.777286092,0.013155272
55,5.99,0,-0.1,0,-5,1.016955219,0.015506477
55,7.99,0,-0.1,0,-5,1.192590284,0.019626574
64,-4,-1,0.1,0,-10,-0.066374758,0.011767488
64,-2,-1,0.1,0,-10,0.189098123,0.010984887
64,0,-1,0.1,0,-10,0.4361971,0.011097547
64,2,-1,0.1,0,-10,0.6883663,0.011985634
64,4,-1,0.1,0,-10,0.922635171,0.013421634
64,6,-1,0.1,0,-10,1.152528864,0.016002871
64,8,-1,0.1,0,-10,1.358271623,0.018888178
55,-4.01,0,0.1,0,-10,-0.070295327,0.012047551
55,-2.01,0,0.1,0,-10,0.183999205,0.011263352
55,-0.01,0,0.1,0,-10,0.429488631,0.011400542
55,1.99,0,0.1,0,-10,0.68060256,0.012298795
55,3.99,0,0.1,0,-10,0.912731912,0.013764924
55,5.99,0,0.1,0,-10,1.136492979,0.016491155
55,7.99,0,0.1,0,-10,1.339587163,0.019459173
64,-4,-1,-0.1,0,-10,-0.119841445,0.012119061
64,-2,-1,-0.1,0,-10,0.136066055,0.011068096
64,0,-1,-0.1,0,-10,0.385678867,0.011258067
64,2,-1,-0.1,0,-10,0.625953735,0.012074456
64,4,-1,-0.1,0,-10,0.872598703,0.013432717
64,6,-1,-0.1,0,-10,1.101726633,0.015712373
64,8,-1,-0.1,0,-10,1.282841286,0.019287183
55,-4.01,0,-0.1,0,-10,-0.124048069,0.012420058
55,-2.01,0,-0.1,0,-10,0.130039266,0.011355364
55,-0.01,0,-0.1,0,-10,0.378433964,0.011568175
55,1.99,0,-0.1,0,-10,0.616891002,0.012397967
55,3.99,0,-0.1,0,-10,0.862961463,0.013785745
55,5.99,0,-0.1,0,-10,1.085713975,0.016127445
55,7.99,0,-0.1,0,-10,1.263959206,0.019896559
61,-4,-1,0.1,0,-15,0.016732749,0.012059169
61,-2,-1,0.1,0,-15,0.273342806,0.011309951
61,0,-1,0.1,0,-15,0.514959233,0.011200695
61,2,-1,0.1,0,-15,0.768149523,0.012324261
61,4,-1,0.1,0,-15,1.019874448,0.014097775
61,6,-1,0.1,0,-15,1.233146126,0.016280367
61,8,-1,0.1,0,-15,1.436602268,0.020123546
56,-4.01,0,0.1,0,-15,0.013549062,0.012239416
56,-2.01,0,0.1,0,-15,0.269323159,0.01147457
56,-0.01,0,0.1,0,-15,0.509353048,0.011377285
56,1.99,0,0.1,0,-15,0.762025279,0.012512226
56,3.99,0,0.1,0,-15,1.013080347,0.014302276
56,5.99,0,0.1,0,-15,1.221970284,0.01654114
56,7.99,0,0.1,0,-15,1.424203102,0.020440219
61,-4,-1,-0.1,0,-15,-0.066423885,0.012150192
61,-2,-1,-0.1,0,-15,0.185997563,0.011758256
61,0,-1,-0.1,0,-15,0.4291162,0.011277274
61,2,-1,-0.1,0,-15,0.671915929,0.012287236
61,4,-1,-0.1,0,-15,0.887652387,0.013425807
61,6,-1,-0.1,0,-15,1.131698323,0.01645074
61,8,-1,-0.1,0,-15,1.319996437,0.019142307
56,-4.01,0,-0.1,0,-15,-0.070243296,0.01232956
56,-2.01,0,-0.1,0,-15,0.18175324,0.011926036
56,-0.01,0,-0.1,0,-15,0.423658201,0.011464716
56,1.99,0,-0.1,0,-15,0.665972218,0.012472872
56,3.99,0,-0.1,0,-15,0.877295164,0.01365909
56,5.99,0,-0.1,0,-15,1.121237407,0.016709668
56,7.99,0,-0.1,0,-15,1.307535177,0.019477731
61,-4,-1,0.1,0.05,0,-0.780825472,0.01589453
61,-2,-1,0.1,0.05,0,-0.553592659,0.014070411
61,0,-1,0.1,0.05,0,-0.308707719,0.011816477
61,2,-1,0.1,0.05,0,-0.060667339,0.010954175
61,4,-1,0.1,0.05,0,0.191990791,0.011036197
61,6,-1,0.1,0.05,0,0.44345915,0.011569639
61,8,-1,0.1,0.05,0,0.698523806,0.013136486
56,-3.99,0,0.1,0.05,0,-0.777984452,0.016110332
56,-1.99,0,0.1,0.05,0,-0.552560878,0.014245323
56,0.01,0,0.1,0.05,0,-0.308345665,0.01197528
56,1.99,0,0.1,0.05,0,-0.061124112,0.011108272
56,3.99,0,0.1,0.05,0,0.190877089,0.011201615
56,5.99,0,0.1,0.05,0,0.441459924,0.011731779
56,7.99,0,0.1,0.05,0,0.696116655,0.01332914
61,-4,-1,0.1,-0.05,0,0.291573329,0.011535839
61,-2,-1,0.1,-0.05,0,0.535025479,0.012486378
61,0,-1,0.1,-0.05,0,0.769552658,0.013011786
61,2,-1,0.1,-0.05,0,0.997210534,0.015176271
61,4,-1,0.1,-0.05,0,1.18999843,0.018540378
61,6,-1,0.1,-0.05,0,1.361452419,0.024090469
61,8,-1,0.1,-0.05,0,1.476414839,0.030040035
56,-3.99,0,0.1,-0.05,0,0.292463666,0.011713543
56,-2.01,0,0.1,-0.05,0,0.534915101,0.012695031
56,-0.01,0,0.1,-0.05,0,0.767494018,0.013265843
56,1.99,0,0.1,-0.05,0,0.993553767,0.015478368
56,3.99,0,0.1,-0.05,0,1.181717146,0.018928578
56,5.99,0,0.1,-0.05,0,1.348389837,0.02471823
56,7.99,0,0.1,-0.05,0,1.463794474,0.030660401
61,-4,-1,-0.1,0.05,0,-0.816335517,0.016568138
61,-2,-1,-0.1,0.05,0,-0.588461066,0.013629094
61,0,-1,-0.1,0.05,0,-0.349190797,0.011868902
61,2,-1,-0.1,0.05,0,-0.103251086,0.011085881
61,4,-1,-0.1,0.05,0,0.143553512,0.011035157
61,6,-1,-0.1,0.05,0,0.393132116,0.011578008
61,8,-1,-0.1,0.05,0,0.632498316,0.01285277
56,-3.99,0,-0.1,0.05,0,-0.811837314,0.016825707
56,-1.99,0,-0.1,0.05,0,-0.586375087,0.013817034
56,0.01,0,-0.1,0.05,0,-0.349059841,0.012034833
56,1.99,0,-0.1,0.05,0,-0.103509632,0.011250118
56,3.99,0,-0.1,0.05,0,0.142388455,0.011207994
56,5.99,0,-0.1,0.05,0,0.390753005,0.01174266
56,7.99,0,-0.1,0.05,0,0.628566476,0.013040824
61,-4,-1,-0.1,-0.05,0,0.240208126,0.011653473
61,-2,-1,-0.1,-0.05,0,0.484358866,0.012081636
61,0,-1,-0.1,-0.05,0,0.720674477,0.012831988
61,2,-1,-0.1,-0.05,0,0.945021491,0.014912898
61,4,-1,-0.1,-0.05,0,1.129148395,0.018248821
61,6,-1,-0.1,-0.05,0,1.271814038,0.024315807
61,8,-1,-0.1,-0.05,0,1.419015631,0.031009524
56,-3.99,0,-0.1,-0.05,0,0.241546154,0.011823216
56,-2.01,0,-0.1,-0.05,0,0.48392948,0.012311608
56,-0.01,0,-0.1,-0.05,0,0.718566605,0.013098664
56,1.99,0,-0.1,-0.05,0,0.940792772,0.015197174
56,3.99,0,-0.1,-0.05,0,1.11975393,0.018672522
56,5.99,0,-0.1,-0.05,0,1.259066936,0.024899553
56,7.99,0,-0.1,-0.05,0,1.405193806,0.031699821
61,-4,-1,0.1,0.05,5,-0.861636498,0.017892449
61,-2,-1,0.1,0.05,5,-0.642733074,0.013957933
61,0,-1,0.1,0.05,5,-0.404093547,0.011958621
61,2,-1,0.1,0.05,5,-0.153964743,0.011068645
61,4,-1,0.1,0.05,5,0.102888591,0.010789313
61,6,-1,0.1,0.05,5,0.35629476,0.011482931
61,8,-1,0.1,0.05,5,0.600214323,0.012540286
61,-4,-1,0.1,0.05,-5,-0.694163654,0.015995337
61,-2,-1,0.1,0.05,-5,-0.465803368,0.013704637
61,0,-1,0.1,0.05,-5,-0.220023932,0.011697405
61,2,-1,0.1,0.05,-5,0.031741713,0.010966414
61,4,-1,0.1,0.05,-5,0.291305755,0.010848991
61,6,-1,0.1,0.05,-5,0.540257661,0.012020539
61,8,-1,0.1,0.05,-5,0.779725184,0.013530725
56,-3.99,0,0.1,0.05,-5,-0.692257482,0.016240486
56,-1.99,0,0.1,0.05,-5,-0.465740561,0.013896966
56,-0.01,0,0.1,0.05,-5,-0.221441111,0.011861648
56,1.99,0,0.1,0.05,-5,0.02984221,0.011129017
56,3.99,0,0.1,0.05,-5,0.288836012,0.011016692
56,5.99,0,0.1,0.05,-5,0.537056346,0.012179566
56,7.99,0,0.1,0.05,-5,0.775251015,0.013704501
61,-3,-1,0.1,-0.05,-5,0.509189994,0.011600328
61,-1,-1,0.1,-0.05,-5,0.758931704,0.012793796
61,1,-1,0.1,-0.05,-5,1.009634747,0.014120219
61,3,-1,0.1,-0.05,-5,1.193642468,0.017284005
61,5,-1,0.1,-0.05,-5,1.389752122,0.021259612
61,7,-1,0.1,-0.05,-5,1.524393918,0.027894883
61,9,-1,0.1,-0.05,-5,1.609738985,0.037735728
56,-3.01,0,0.1,-0.05,-5,0.507958074,0.011789193
56,-1.01,0,0.1,-0.05,-5,0.755717904,0.01302445
56,0.99,0,0.1,-0.05,-5,1.005600585,0.01437701
56,2.99,0,0.1,-0.05,-5,1.185060234,0.017630903
56,4.99,0,0.1,-0.05,-5,1.377374283,0.021793142
56,6.99,0,0.1,-0.05,-5,1.510202109,0.028590438
56,8.99,0,0.1,-0.05,-5,1.59464833,0.038691276
61,-4,-1,-0.1,0.05,5,-0.909348789,0.016408301
61,-2,-1,-0.1,0.05,5,-0.673611125,0.014415314
61,0,-1,-0.1,0.05,5,-0.442765615,0.012469169
61,2,-1,-0.1,0.05,5,-0.19102912,0.011266254
61,4,-1,-0.1,0.05,5,0.055439594,0.010965039
61,6,-1,-0.1,0.05,5,0.303246381,0.011568112
61,8,-1,-0.1,0.05,5,0.546238533,0.012893849
56,-3,-1,-0.1,0.05,5,-0.783902098,0.0163157
56,-1,-1,-0.1,0.05,5,-0.546209118,0.01336686
56,1,-1,-0.1,0.05,5,-0.316375233,0.011825559
56,3,-1,-0.1,0.05,5,-0.068562822,0.011142979
56,5,-1,-0.1,0.05,5,0.181380171,0.011285867
56,7,-1,-0.1,0.05,5,0.422770914,0.012147695
56,9,-1,-0.1,0.05,5,0.666644781,0.013777888
62,-4,-1,-0.1,0.05,-5,-0.910449591,0.016364193
62,-2,-1,-0.1,0.05,-5,-0.674262419,0.014381902
62,0,-1,-0.1,0.05,-5,-0.443172632,0.012437332
62,2,-1,-0.1,0.05,-5,-0.191334693,0.011237341
62,4,-1,-0.1,0.05,-5,0.055323592,0.010932431
62,6,-1,-0.1,0.05,-5,0.303303273,0.01153552
62,8,-1,-0.1,0.05,-5,0.546506388,0.012858841
57,-3,-1,-0.1,0.05,-5,-0.784793744,0.016271682
57,-1,-1,-0.1,0.05,-5,-0.546891948,0.013332066
57,1,-1,-0.1,0.05,-5,-0.316779563,0.011793483
57,3,-1,-0.1,0.05,-5,-0.068760475,0.011108654
57,5,-1,-0.1,0.05,-5,0.181252801,0.011250922
57,7,-1,-0.1,0.05,-5,0.422708185,0.012116795
57,9,-1,-0.1,0.05,-5,0.666960691,0.013733662
